{
  "project_info": {
    "project_number": "598080276318",
    "firebase_url": "https://jffcensus-default-rtdb.firebaseio.com",
    "project_id": "jffcensus",
    "storage_bucket": "jffcensus.appspot.com"
  },
  "client": [
    {
      "client_info": {
        "mobilesdk_app_id": "1:598080276318:android:3faccd465f8a1fab42b1cf",
        "android_client_info": {
          "package_name": "com.jff.jffapp"
        }
      },
      "oauth_client": [
        {
          "client_id": "598080276318-hmk9k0rjhfbei9ajcm52qphm3pd6f9lh.apps.googleusercontent.com",
          "client_type": 3
        }
      ],
      "api_key": [
        {
          "current_key": "AIzaSyAebnPpX61O0Qm-G-eAVM8DWLVIf9iSXq4"
        }
      ],
      "services": {
        "appinvite_service": {
          "other_platform_oauth_client": [
            {
              "client_id": "598080276318-hmk9k0rjhfbei9ajcm52qphm3pd6f9lh.apps.googleusercontent.com",
              "client_type": 3
            }
          ]
        }
      }
    }
  ],
  "configuration_version": "1"
}